{
  "2D": 214186.176000364,
  "3D": 2555.00799894335,
  "AssetLib": 23568.4000000955,
  "Assets": 766.022000074388,
  "Docs": 341.064999818801,
  "Editor": 493955.906161079,
  "Local Assets": 134.811999797821,
  "Orchestrator": 2.98900008201599,
  "PiForge AI": 533.490999698639,
  "Project Statistics": 368.678000450134,
  "Script": 251384.836161377,
  "TODO": 32.9809999465942,
  "Tasks": 81.4480004310608
}