{
  "2D": 204004.888998038,
  "3D": 2522.73699927332,
  "AssetLib": 23444.1440002919,
  "Assets": 766.022000074388,
  "Docs": 341.064999818801,
  "Editor": 482718.578996906,
  "Local Assets": 134.811999797821,
  "Orchestrator": 2.98900008201599,
  "PiForge AI": 533.490999698639,
  "Project Statistics": 368.678000450134,
  "Script": 250561.582999232,
  "TODO": 32.9809999465942,
  "Tasks": 5.18800020217896
}