{
  "2D": 204863.03599835,
  "3D": 2555.00799894335,
  "AssetLib": 23504.3890001775,
  "Assets": 766.022000074388,
  "Docs": 341.064999818801,
  "Editor": 483719.330996761,
  "Local Assets": 134.811999797821,
  "Orchestrator": 2.98900008201599,
  "PiForge AI": 533.490999698639,
  "Project Statistics": 368.678000450134,
  "Script": 250611.671999219,
  "TODO": 32.9809999465942,
  "Tasks": 5.18800020217896
}