{
  "2D": 216181.920204887,
  "3D": 2555.00799894335,
  "AssetLib": 23761.9626972677,
  "Assets": 766.022000074388,
  "Docs": 341.064999818801,
  "Editor": 501382.993965399,
  "Local Assets": 134.811999797821,
  "Orchestrator": 2.98900008201599,
  "PiForge AI": 533.490999698639,
  "Project Statistics": 368.678000450134,
  "Script": 256621.616468909,
  "TODO": 32.9809999465942,
  "Tasks": 82.4485955238342
}